size,lambda,S3_mean,S4_mean,S5_mean
400,0.85,1662.717283,1449.617383,1293.837163
400,0.8501,1684.934066,1464.052947,1310.517483
400,0.8502,1765.462537,1516.691309,1353.545455
400,0.8503,1635.123876,1433.24975,1290.679321
400,0.8504,1747.674326,1524.203796,1354.532468
400,0.8505,1681.23976,1449.904096,1293.758242
400,0.8506,1822.134865,1568.587413,1397.273726
400,0.8507,1863.743257,1628.254745,1454.796204
400,0.8508,1783.297702,1554.696304,1384.921079
400,0.8509,1734.157842,1503.30969,1339.671329
400,0.851,1770.742258,1549.624376,1391.797203
400,0.8511,1822.616384,1577.873127,1403.643357
400,0.8512,1841.215784,1577.714286,1403.262737
400,0.8513,1819.911089,1597.869131,1416.661339
400,0.8514,1784.393606,1531.753247,1365.73027
400,0.8515,1886.015984,1619.072927,1437.891109
400,0.8516,1777.573427,1553.88012,1392.465534
400,0.8517,1819.538462,1572.811189,1414.957043
400,0.8518,1876.524476,1631.256743,1450.513487
400,0.8519,1767.475524,1541.366633,1369.243756
400,0.852,1851.752248,1591.096903,1425.403596
400,0.8521,1865.748252,1620.112887,1443.952048
400,0.8522,1743.428571,1507.430569,1340.932068
400,0.8523,1852.332667,1608.190809,1413.204795
400,0.8524,1773.738262,1542.543457,1382.814186
400,0.8525,1722.081918,1492.344655,1325.482517
400,0.8526,1941.695305,1666.923077,1480.375624
400,0.8527,1901.569431,1649.53047,1466.965035
400,0.8528,1868.404595,1599.371628,1412.649351
400,0.8529,1883.825175,1645.108891,1474.144855
400,0.853,1899.05994,1627.542458,1452.691309
400,0.8531,1954.755245,1675.33966,1481.587413
400,0.8532,1880.768232,1636.027972,1448.395604
400,0.8533,1928.752248,1655.02997,1482.323676
400,0.8534,2126.494505,1820.058941,1603.464535
400,0.8535,1892.043956,1624.96004,1434.492507
400,0.8536,1941.104895,1704.222777,1503.277722
400,0.8537,2058.127872,1766.143856,1561.772228
400,0.8538,2088.654346,1790.074925,1583.927073
400,0.8539,1965.695305,1726.26973,1537.746254
400,0.854,2220.366633,1893.522478,1660.716284
400,0.8541,2236.004995,1924.281718,1684.397602
400,0.8542,2184.502498,1885.187812,1659.255744
400,0.8543,2381.25974,2016.202797,1767.105894
400,0.8544,2271.390609,1952.759241,1716.188811
400,0.8545,2465.111888,2114.837163,1850.323676
400,0.8546,2560.460539,2193.936064,1927.998002
400,0.8547,2606.62038,2192.846154,1899.828172
400,0.8548,2964.03996,2446.475524,2107.693307
400,0.8549,2816.792208,2350.07992,2023.581419
400,0.855,2764.615385,2315.629371,2005.774226
400,0.8551,2812.895105,2315.363636,2013.016983
400,0.8552,2790.833167,2347.316683,2051.563437
400,0.8553,2953.440559,2417.502498,2085.383616
400,0.8554,3285.353646,2654.566434,2258.230769
400,0.8555,3150.545455,2615.764236,2222.047952
400,0.8556,3416.752248,2759.422577,2335.765235
400,0.8557,3569.332667,2911.323676,2452.163836
400,0.8558,3582.691309,2946.746254,2479.566434
400,0.8559,3648.546454,2871.669331,2353.825175
400,0.856,3559.682318,2917.706294,2429.201798
400,0.8561,3704.082917,3009.047952,2558.200799
400,0.8562,3733.065934,2959.246753,2472.503497
400,0.8563,3842.050949,3062.974026,2541.061938
400,0.8564,3865.266733,3038.524476,2518.629371
400,0.8565,4307.128871,3364.973027,2690.187812
400,0.8566,3932.818182,3221.88012,2712.703297
400,0.8567,4184.065934,3266.394605,2666.472527
400,0.8568,4424.238761,3458.727273,2783.914086
400,0.8569,4214.5005,3250.586414,2662.537463
400,0.857,4333.314685,3379.273726,2752.200799
400,0.8571,4447.596404,3384.746254,2786.793207
400,0.8572,4356.814186,3328.356643,2672.965035
400,0.8573,4198.324675,3318.156843,2684.07992
400,0.8574,4632.557443,3601.929071,2866.646354
400,0.8575,4351.869131,3419.698302,2802.018981
400,0.8576,4735.674326,3580.776224,2808.694306
400,0.8577,4412.869131,3410.251748,2802.604396
400,0.8578,4622.312687,3516.587413,2826.841159
400,0.8579,4792.448551,3681.124875,2872.071928
400,0.858,4949.125874,3781.605395,2958.985015
400,0.8581,4679.627373,3398.935065,2682.79021
400,0.8582,4566.456543,3382.01998,2648.466533
400,0.8583,4910.346653,3701.233766,2947.55045
400,0.8584,4636.142857,3482.195804,2791.775225
400,0.8585,4585.785215,3524.07992,2832.626374
400,0.8586,4690.712288,3499.312687,2772.612388
400,0.8587,4950.621379,3666.012987,2885.392607
400,0.8588,4781.06993,3523.271728,2811.912088
400,0.8589,4825.58042,3633.190809,2901.71029
400,0.859,4975.348651,3659.617383,2887.235764
400,0.8591,4783.895105,3533.166833,2783.809191
400,0.8592,4933.281718,3659.512488,2925.311688
400,0.8593,5138.216783,3743.813187,2868.077922
400,0.8594,5164.196803,3756.721279,2817.148851
400,0.8595,5204.264735,3674.518482,2811.288711
400,0.8596,4905.366633,3483.9001,2689.162837
400,0.8597,4994.726274,3474.31968,2606.212787
400,0.8598,5044.0999,3386.64036,2510.271728
400,0.8599,5006.375624,3396.000999,2433.004995
400,0.86,5542.484515,3812.491508,2730.535465
400,0.8601,5030.75025,3327.217782,2425.292707
400,0.8602,4781.767233,3211.812188,2320.601399
400,0.8603,4346.196803,2705.875125,1884.841159
400,0.8604,4472.56044,2849.56044,2030.154845
400,0.8605,4124.614386,2593.220779,1795.576424
400,0.8606,3589.474525,2196.176823,1567.305694
400,0.8607,3122.282717,1948.884116,1330.594406
400,0.8608,2077.238761,1266.135864,904.567433
400,0.8609,2341.222777,1341.76024,926.121878
400,0.861,2685.308691,1565.506494,1036.482517
400,0.8611,2459.856144,1495.939061,1015.901099
400,0.8612,1809.715285,1093.769231,768.062937
400,0.8613,1569.91009,943.127872,660.736264
400,0.8614,1206.283716,749.436563,533.732268
400,0.8615,1031.017982,663.833167,488.571429
400,0.8616,873.999001,559.74026,406.072927
400,0.8617,1038.928072,646.833167,469.763237
400,0.8618,836.671329,562.232767,410.051948
400,0.8619,766.013986,477.27972,352.265734
400,0.862,744.724276,478.073926,348.537463
400,0.8621,770.078921,501.923077,373.218781
400,0.8622,448.322677,308.045954,235.333666
400,0.8623,589.919081,390.261738,285.331668
400,0.8624,438.627373,307.835165,235.468531
400,0.8625,558.684316,377.216783,284.170829
400,0.8626,372.253746,249.34965,187.64036
400,0.8627,367.134865,253.242757,195.204795
400,0.8628,327.277722,223.982018,174.569431
400,0.8629,369.183816,249.75025,186.905095
400,0.863,344.83017,234.752248,179.866134
400,0.8631,368.251748,250.974026,195.612388
400,0.8632,399.637363,260.344655,197.565435
400,0.8633,366.082917,251.188811,192.836164
400,0.8634,347.945055,232.687313,177.864136
400,0.8635,334.061938,231.997003,175.565435
400,0.8636,354.217782,236.85015,181.715285
400,0.8637,325.461538,229.090909,174.463536
400,0.8638,358.410589,246.153846,189.799201
400,0.8639,313.67033,225.969031,174.756244
400,0.864,348.762238,243.057942,185.388611
400,0.8641,296.833167,211.501499,163.270729
400,0.8642,288.3996,199.181818,153.605395
400,0.8643,304.453546,209.938062,161.69031
400,0.8644,285.663337,205.22977,161.594406
400,0.8645,283.351648,190.468531,147.768232
400,0.8646,289.674326,199.468531,154.488511
400,0.8647,246.074925,168.26973,134.20979
400,0.8648,232.643357,161.401598,128.633367
400,0.8649,235.693307,158.772228,121.804196
400,0.865,254.00999,166.705295,128.124875
400,0.8651,231.839161,162.984016,125.02997
400,0.8652,239.230769,167.203796,128.090909
400,0.8653,203.290709,145.147852,115.341658
400,0.8654,171.107892,124.050949,95.625375
400,0.8655,154.739261,109.432567,85.793207
400,0.8656,179.998002,126.531469,96.305694
400,0.8657,160.847153,113.494505,87.543457
400,0.8658,171.941059,117.754246,92.496503
400,0.8659,151.07992,109.438561,84.503497
400,0.866,133.170829,94.846154,75.7003
400,0.8661,120.297702,86.763237,66.938062
400,0.8662,102.248751,73.627373,58.551449
400,0.8663,115.877123,84.061938,67.594406
400,0.8664,96.685315,68.048951,54.377622
400,0.8665,104.23976,74.418581,58.426573
400,0.8666,108.503497,73.480519,56.388611
400,0.8667,91.085914,64.025974,50.243756
400,0.8668,72.919081,51.62038,39.81019
400,0.8669,62.624376,45.697303,36.651349
400,0.867,71.456543,49.296703,38.246753
400,0.8671,60.311688,44.245754,35.005994
400,0.8672,70.849151,51.346653,40.846154
400,0.8673,66.797203,48.915085,38.445554
400,0.8674,69.182817,48.410589,37.438561
400,0.8675,58.067932,43.15984,35.055944
400,0.8676,56.376623,40.328671,31.402597
400,0.8677,66.372627,46.755245,36.316683
400,0.8678,53.547453,38.177822,29.964036
400,0.8679,61.65035,44.007992,34.652348
400,0.868,62.152847,44.659341,34.733267
400,0.8681,56.097902,40.214785,31.437562
400,0.8682,60.605395,42.298701,33.386613
400,0.8683,57.021978,42.022977,33.022977
400,0.8684,61.534466,42.653347,32.722278
400,0.8685,64.956044,46.277722,36.933067
400,0.8686,55.413586,40.001998,31.922078
400,0.8687,62.969031,45.61039,35.354645
400,0.8688,72.657343,49.466533,38.761239
400,0.8689,57.509491,40.86014,32.43956
400,0.869,62.03996,45.432567,36.408591
400,0.8691,60.428571,42.787213,33.752248
400,0.8692,59.619381,42.443556,33.563437
400,0.8693,63.12987,44.904096,35.131868
400,0.8694,55.228771,40.433566,32.673327
400,0.8695,55.076923,37.096903,29.418581
400,0.8696,62.797203,45.176823,35.270729
400,0.8697,52.302697,37.130869,29.765235
400,0.8698,44.323676,33.552448,26.919081
400,0.8699,44.981019,32.250749,25.905095
400,0.87,53.993007,38.052947,29.665335
600,0.85,2165.416583,1938.306693,1779.534466
600,0.8501,2126.320679,1907.81019,1744.591409
600,0.8502,2185.548452,1968.952048,1816.614386
600,0.8503,2310.92008,2064.272727,1886.315684
600,0.8504,2313.818182,2071.053946,1887.786214
600,0.8505,2293.627373,2055.658342,1873.278721
600,0.8506,2272.978022,2033.703297,1859.853147
600,0.8507,2333.306693,2077.51049,1886.47952
600,0.8508,2374.157842,2120.114885,1934.831169
600,0.8509,2429.645355,2165.79021,1961.090909
600,0.851,2313.00999,2077.298701,1906.382617
600,0.8511,2386.307692,2144.751249,1943.887113
600,0.8512,2475.639361,2224.186813,2021.257742
600,0.8513,2477.757243,2204.962038,2001.935065
600,0.8514,2408.581419,2157.358641,1962.957043
600,0.8515,2411.727273,2142.952048,1945.273726
600,0.8516,2366.861139,2135.551449,1960.561439
600,0.8517,2291.772228,2040.856144,1864.198801
600,0.8518,2441.928072,2167.967033,1966.220779
600,0.8519,2466.587413,2194.265734,1986.628372
600,0.852,2431.91009,2191.136863,2005.431568
600,0.8521,2342.466533,2107.709291,1926.752248
600,0.8522,2490.751249,2207.757243,2018.828172
600,0.8523,2513.961039,2234.162837,2041.644356
600,0.8524,2475.604396,2212.024975,2030.030969
600,0.8525,2411.737263,2140.207792,1944.250749
600,0.8526,2476.72028,2200.048951,1993.768232
600,0.8527,2437.829171,2157.943057,1963.052947
600,0.8528,2577.206793,2301.084915,2094.053946
600,0.8529,2458.004995,2183.926074,1990.909091
600,0.853,2519.186813,2251.3996,2046.805195
600,0.8531,2636.158841,2312.447552,2080.084915
600,0.8532,2589.942058,2314.874126,2107.961039
600,0.8533,2679.985015,2407.971029,2188.246753
600,0.8534,2696.985015,2401.985015,2184.74026
600,0.8535,2664.512488,2366.221778,2156.933067
600,0.8536,2820.578422,2498.825175,2287.253746
600,0.8537,2767.511489,2467.295704,2236.746254
600,0.8538,2980.096903,2634.804196,2384.716284
600,0.8539,2945.877123,2588.017982,2352.54046
600,0.854,3208.557443,2815.35964,2521.276723
600,0.8541,3163.31968,2753.306693,2493.468531
600,0.8542,3213.59041,2831.542458,2553.561439
600,0.8543,3107.245754,2771.01998,2513.268731
600,0.8544,3140.150849,2795.493506,2527.95005
600,0.8545,3446.23976,3016.390609,2719.244755
600,0.8546,3591.458541,3120.160839,2800.585415
600,0.8547,3865.431568,3327.79021,2986.517483
600,0.8548,3921.284715,3422.491508,3052.217782
600,0.8549,4172.76024,3595.665335,3182.425574
600,0.855,3961.66034,3450.765235,3110.515485
600,0.8551,4738.137862,4074.486513,3657.350649
600,0.8552,4226.924076,3659.749251,3296.313686
600,0.8553,4368.563437,3767.759241,3345.711289
600,0.8554,4365.207792,3739.074925,3329.991009
600,0.8555,4848.155844,4210.364635,3694.004995
600,0.8556,5200.337662,4411.143856,3904.881119
600,0.8557,5373.8002,4598.954046,4044.847153
600,0.8558,5961.813187,4957.685315,4341.769231
600,0.8559,5918.945055,5064.213786,4417.752248
600,0.856,5573.929071,4717.094905,4096.418581
600,0.8561,5491.732268,4711.232767,4102.919081
600,0.8562,5708.207792,4803.518482,4207.56044
600,0.8563,5701.046953,4848.010989,4216.679321
600,0.8564,6160.742258,5216.838162,4556.663337
600,0.8565,6223.124875,5251.006993,4522.011988
600,0.8566,6607.601399,5498.056943,4678.217782
600,0.8567,6775.723277,5652.575425,4836.453546
600,0.8568,7069.143856,5817.104895,5003.54046
600,0.8569,6613.502498,5606.661339,4820.765235
600,0.857,6791.257742,5649.420579,4841.151848
600,0.8571,7078.735265,5807.447552,4962.94006
600,0.8572,6789.53047,5637.855145,4865.796204
600,0.8573,7629.821179,6378.3996,5437.718282
600,0.8574,7059.867133,5853.078921,5047.053946
600,0.8575,7662.256743,6222.56044,5300.48951
600,0.8576,7919.060939,6458.17982,5500.257742
600,0.8577,7765.34965,6209.191808,5239.981019
600,0.8578,7587.46953,6207.295704,5206.258741
600,0.8579,8299.552448,6768.253746,5707.175824
600,0.858,8414.147852,6643.464535,5536.503497
600,0.8581,8019.717283,6560.230769,5503.248751
600,0.8582,8311.778222,6653.68032,5578.333666
600,0.8583,8551.714286,6817.771229,5697.767233
600,0.8584,8220.472527,6457.348651,5406.440559
600,0.8585,8405.485514,6728.731269,5649.161838
600,0.8586,8373.208791,6629.816184,5499.220779
600,0.8587,8615.313686,6985.400599,5679.73027
600,0.8588,8117.96004,6526.829171,5449.89011
600,0.8589,8793.40959,6997.785215,5750.892108
600,0.859,9350.904096,7337.051948,6053.996004
600,0.8591,9333.184815,7337.955045,5989.050949
600,0.8592,9232.909091,7281.953047,6009.922078
600,0.8593,8546.67033,6913.687313,5794.022977
600,0.8594,9553.394605,7367.876124,5982.542458
600,0.8595,9173.334665,7287.737263,5978.707293
600,0.8596,10393.073926,7863.854146,6334.699301
600,0.8597,10616.606394,8074.983017,6398.953047
600,0.8598,10679.300699,7974.348651,6283.598402
600,0.8599,10908.67033,7889.103896,6231.75025
600,0.86,11200.237762,7964.210789,6081.236763
600,0.8601,11317.563437,8155.205794,6283.178821
600,0.8602,11483.150849,7798.788212,5859.604396
600,0.8603,10728.796204,7079.562438,5177.966034
600,0.8604,10517.45954,6897.088911,5088.898102
600,0.8605,8457.495504,5346.726274,3713.210789
600,0.8606,7577.726274,4642.42957,3246.052947
600,0.8607,6013.563437,3445.927073,2395.751249
600,0.8608,5952.715285,3727.261738,2627.981019
600,0.8609,6761.85015,4099.772228,2768.082917
600,0.861,5684.243756,3462.711289,2475.642358
600,0.8611,5026.73027,3031.015984,2174.74026
600,0.8612,4269.147852,2645.541459,1804.437562
600,0.8613,2658.94006,1689.31968,1253.515485
600,0.8614,2257.618382,1441.326673,1044.514486
600,0.8615,1811.361638,1194.251748,909.526474
600,0.8616,1721.782218,1135.596404,839.896104
600,0.8617,1735.058941,1107.311688,809.322677
600,0.8618,1548.453546,1028.273726,782.486513
600,0.8619,1622.380619,1090.466533,836.879121
600,0.862,1297.373626,872.566434,669.527473
600,0.8621,1102.652348,756.257742,592.936064
600,0.8622,938.926074,646.64036,503.649351
600,0.8623,806.218781,568.374625,438.88012
600,0.8624,858.997003,595.431568,471.103896
600,0.8625,997.957043,693.767233,527.569431
600,0.8626,655.195804,469.161838,363.3996
600,0.8627,564.775225,408.228771,325.387612
600,0.8628,594.587413,418.704296,324.517483
600,0.8629,584.346653,422.275724,333.322677
600,0.863,596.586414,404.941059,317.450549
600,0.8631,575.371628,413.578422,324.739261
600,0.8632,504.324675,362.395604,280.207792
600,0.8633,592.157842,417.676324,327.832168
600,0.8634,587.298701,416.311688,331.934066
600,0.8635,494.338661,358.977023,288.171828
600,0.8636,554.053946,395.114885,313.688312
600,0.8637,537.086913,391.391608,309.054945
600,0.8638,566.97003,417.270729,335.414585
600,0.8639,543.372627,380.44955,302.308691
600,0.864,558.250749,403.301698,319.47952
600,0.8641,578.058941,399.337662,314.546454
600,0.8642,456.296703,330.718282,265.735265
600,0.8643,460.867133,334.481518,265.378621
600,0.8644,468.254745,345.63037,274.893107
600,0.8645,525.678322,363.861139,284.71029
600,0.8646,479.043956,341.992008,268.738262
600,0.8647,474.861139,340.192807,270.566434
600,0.8648,368.253746,274.277722,221.226773
600,0.8649,419.903097,299.757243,238.898102
600,0.865,384.854146,276.137862,223.696304
600,0.8651,354.918082,261.962038,211.677323
600,0.8652,398.784216,284.486513,230.011988
600,0.8653,350.855145,255.507493,202.22977
600,0.8654,298.054945,218.69031,177.922078
600,0.8655,258.437562,185.764236,151.107892
600,0.8656,244.736264,180.470529,143.829171
600,0.8657,256.004995,190.819181,156.693307
600,0.8658,266.915085,198.385614,155.843157
600,0.8659,244.296703,182.502498,148.304695
600,0.866,202.86014,154.786214,126.566434
600,0.8661,182.742258,138.526474,113.428571
600,0.8662,173.357642,128.337662,103.902098
600,0.8663,203.361638,150.679321,120.728272
600,0.8664,171.037962,128.425574,104.180819
600,0.8665,165.331668,122.63037,98.855145
600,0.8666,156.154845,116.120879,94.345654
600,0.8667,128.383616,92.328671,75.937063
600,0.8668,118.909091,85.988012,68.661339
600,0.8669,115.886114,84.996004,69.140859
600,0.867,113.755245,84.1998,67.765235
600,0.8671,112.679321,85.296703,67.876124
600,0.8672,104.348651,77.008991,61.64036
600,0.8673,98.045954,71.949051,58.944056
600,0.8674,96.802198,73.050949,59.959041
600,0.8675,93.330669,69.475524,56.085914
600,0.8676,90.86014,68.682318,56.185814
600,0.8677,96.573427,74.085914,59.735265
600,0.8678,94.110889,71.48951,58.89011
600,0.8679,91.534466,69.809191,56.723277
600,0.868,90.235764,68.456543,56.28971
600,0.8681,89.604396,66.573427,54.122877
600,0.8682,87.087912,66.251748,54.450549
600,0.8683,93.086913,71.222777,58.673327
600,0.8684,93.077922,67.006993,54.157842
600,0.8685,99.816184,73.261738,59.511489
600,0.8686,99.411588,73.706294,60.047952
600,0.8687,92.04995,69.424575,58.033966
600,0.8688,93.226773,71.772228,59.642358
600,0.8689,97.026973,73.033966,59.334665
600,0.869,95.714286,71.422577,58.095904
600,0.8691,103.375624,76.715285,62.08991
600,0.8692,92.412587,70.122877,56.464535
600,0.8693,85.425574,64.467532,52.558442
600,0.8694,97.547453,73.632368,59.928072
600,0.8695,85.581419,64.404595,52.616384
600,0.8696,77.482517,57.854146,48.014985
600,0.8697,80.694306,60.709291,50.070929
600,0.8698,77.224775,58.185814,47.767233
600,0.8699,77.085914,57.699301,47.326673
600,0.87,68.704296,51.401598,42.150849
800,0.85,2740.515485,2471.417582,2274.147852
800,0.8501,2722.127872,2461.603397,2281.183816
800,0.8502,2847.98002,2585.35964,2396.949051
800,0.8503,2724.589411,2471.77023,2275.323676
800,0.8504,2713.171828,2445.032967,2257.466533
800,0.8505,2755.557443,2500.692308,2317.060939
800,0.8506,2799.558442,2541.777223,2338.95005
800,0.8507,2725.110889,2467.637363,2262.87013
800,0.8508,2767.994006,2517.586414,2314.447552
800,0.8509,2791.702298,2530.973027,2331.755245
800,0.851,2816.788212,2524.941059,2330.010989
800,0.8511,2791.450549,2531.266733,2335.12987
800,0.8512,2802.0,2534.927073,2346.24975
800,0.8513,2724.175824,2455.584416,2262.511489
800,0.8514,2810.422577,2556.885115,2372.782218
800,0.8515,2697.391608,2434.994006,2236.081918
800,0.8516,2866.874126,2594.47952,2380.972028
800,0.8517,2943.010989,2653.665335,2441.814186
800,0.8518,2751.937063,2485.354645,2302.424575
800,0.8519,2721.76024,2476.693307,2290.268731
800,0.852,2864.472527,2600.203796,2405.77023
800,0.8521,2860.709291,2591.147852,2391.361638
800,0.8522,2980.408591,2686.483516,2468.531469
800,0.8523,2834.983017,2567.585415,2370.026973
800,0.8524,2897.058941,2633.428571,2416.218781
800,0.8525,2959.383616,2686.187812,2473.114885
800,0.8526,2946.627373,2656.534466,2446.264735
800,0.8527,2833.15984,2557.311688,2365.974026
800,0.8528,3000.310689,2703.836164,2484.165834
800,0.8529,3002.529471,2698.030969,2492.030969
800,0.853,3140.582418,2834.858142,2598.146853
800,0.8531,2938.072927,2656.246753,2444.657343
800,0.8532,3011.456543,2744.340659,2538.171828
800,0.8533,3060.286713,2762.892108,2557.100899
800,0.8534,3182.958042,2857.731269,2619.308691
800,0.8535,3203.576424,2878.101898,2638.348651
800,0.8536,3092.704296,2790.521479,2574.438561
800,0.8537,3360.005994,3027.1998,2790.490509
800,0.8538,3675.933067,3299.231768,3035.280719
800,0.8539,3603.606394,3226.468531,2976.531469
800,0.854,3684.978022,3290.101898,3005.367632
800,0.8541,3688.278721,3310.363636,3025.490509
800,0.8542,3791.400599,3405.659341,3123.42957
800,0.8543,3725.466533,3351.853147,3058.452547
800,0.8544,3957.939061,3536.094905,3232.213786
800,0.8545,3996.857143,3614.460539,3322.645355
800,0.8546,4266.250749,3800.104895,3466.713287
800,0.8547,4587.087912,4073.953047,3730.759241
800,0.8548,5154.497502,4526.622378,4084.184815
800,0.8549,5038.07992,4471.587413,4033.967033
800,0.855,5045.242757,4416.08991,3998.187812
800,0.8551,4963.794206,4418.277722,3995.67033
800,0.8552,4996.969031,4468.148851,4058.274725
800,0.8553,5356.723277,4728.502498,4273.765235
800,0.8554,5877.569431,5167.865135,4640.016983
800,0.8555,6163.825175,5375.25974,4824.196803
800,0.8556,6444.623377,5622.904096,5051.33966
800,0.8557,7011.092907,6102.682318,5480.44955
800,0.8558,7319.381618,6353.639361,5667.566434
800,0.8559,7334.935065,6341.007992,5699.125874
800,0.856,7117.766234,6212.504496,5537.48951
800,0.8561,7147.128871,6264.673327,5631.55045
800,0.8562,7122.947053,6209.894106,5541.350649
800,0.8563,7391.311688,6378.240759,5662.783217
800,0.8564,8469.033966,7226.548452,6342.205794
800,0.8565,8559.413586,7318.906094,6459.220779
800,0.8566,8785.076923,7540.956044,6644.737263
800,0.8567,8850.808192,7594.265734,6724.180819
800,0.8568,9222.805195,7782.73027,6826.547453
800,0.8569,9011.841159,7737.635365,6847.825175
800,0.857,9633.586414,8202.285714,7188.835165
800,0.8571,9361.679321,7992.729271,7057.115884
800,0.8572,9072.277722,7725.180819,6808.598402
800,0.8573,9344.448551,7930.873127,6933.858142
800,0.8574,10095.214785,8502.33966,7393.096903
800,0.8575,10186.596404,8636.273726,7528.659341
800,0.8576,10086.457542,8481.123876,7429.037962
800,0.8577,10420.295704,8800.377622,7599.396603
800,0.8578,11285.561439,9391.048951,8025.293706
800,0.8579,11034.656344,9224.86014,7900.786214
800,0.858,10660.263736,8941.062937,7717.001998
800,0.8581,10865.406593,9060.935065,7875.126873
800,0.8582,10983.583417,9272.85015,7970.436563
800,0.8583,11184.866134,9368.18981,8118.593407
800,0.8584,11751.503497,9661.026973,8198.13986
800,0.8585,11925.361638,9816.203796,8442.496503
800,0.8586,11387.982018,9485.563437,8221.1998
800,0.8587,11641.376623,9740.729271,8366.994006
800,0.8588,11571.224775,9614.315684,8323.826174
800,0.8589,12086.371628,10116.757243,8694.811189
800,0.859,12561.578422,10352.839161,8816.833167
800,0.8591,13295.400599,10952.911089,9281.915085
800,0.8592,12120.382617,10092.440559,8719.100899
800,0.8593,13374.361638,10818.608392,9192.034965
800,0.8594,13420.727273,10791.018981,9199.71029
800,0.8595,13656.055944,11160.91009,9466.774226
800,0.8596,15671.327672,12323.696304,10104.44955
800,0.8597,15919.904096,12650.297702,10420.954046
800,0.8598,17442.816184,13361.341658,10799.355644
800,0.8599,17952.956044,13694.482517,10787.400599
800,0.86,18286.723277,13711.460539,11039.315684
800,0.8601,17867.584416,13393.243756,10889.642358
800,0.8602,18668.126873,14066.582418,11165.311688
800,0.8603,19623.978022,14349.311688,11147.054945
800,0.8604,18827.586414,12552.952048,8931.0
800,0.8605,17736.42957,11959.332667,8704.464535
800,0.8606,16649.148851,10917.358641,7896.050949
800,0.8607,11128.694306,6978.437562,4988.88012
800,0.8608,11677.828172,7271.797203,5129.224775
800,0.8609,11221.487512,6677.57043,4709.464535
800,0.861,9560.801199,5793.559441,4046.417582
800,0.8611,9052.725275,5655.080919,3890.65035
800,0.8612,5178.609391,3246.494505,2376.809191
800,0.8613,5427.178821,3487.562438,2524.222777
800,0.8614,2832.426573,1917.090909,1483.034965
800,0.8615,3119.394605,1988.701299,1482.614386
800,0.8616,2326.297702,1594.12987,1247.755245
800,0.8617,2455.330669,1679.045954,1301.06993
800,0.8618,2410.876124,1625.380619,1256.666334
800,0.8619,2104.247752,1433.546454,1100.66034
800,0.862,1866.833167,1307.84016,1017.727273
800,0.8621,1523.633367,1071.028971,836.271728
800,0.8622,1186.26973,850.835165,676.180819
800,0.8623,1287.946054,945.400599,763.267732
800,0.8624,1185.072927,851.470529,683.627373
800,0.8625,1264.033966,899.46953,724.383616
800,0.8626,897.14985,652.543457,522.260739
800,0.8627,873.688312,639.123876,514.773227
800,0.8628,765.858142,559.75025,454.866134
800,0.8629,812.813187,606.477522,487.123876
800,0.863,796.903097,593.142857,477.497502
800,0.8631,790.686314,577.292707,475.428571
800,0.8632,773.207792,565.208791,448.8002
800,0.8633,709.106893,522.070929,435.08991
800,0.8634,830.543457,599.233766,481.703297
800,0.8635,789.291708,590.69031,480.256743
800,0.8636,726.374625,525.737263,434.813187
800,0.8637,800.715285,592.388611,477.367632
800,0.8638,735.088911,562.708292,461.54046
800,0.8639,873.982018,635.163836,512.668332
800,0.864,830.114885,613.368631,481.637363
800,0.8641,660.38961,486.985015,390.387612
800,0.8642,678.317682,509.883117,419.637363
800,0.8643,615.2997,452.9001,365.928072
800,0.8644,678.653347,512.896104,414.406593
800,0.8645,627.742258,474.31968,388.549451
800,0.8646,668.756244,497.995005,400.120879
800,0.8647,568.204795,430.964036,357.278721
800,0.8648,574.98002,423.490509,342.3996
800,0.8649,531.090909,386.458541,308.851149
800,0.865,516.973027,381.01998,313.888112
800,0.8651,542.869131,400.074925,329.116883
800,0.8652,537.794206,395.687313,324.923077
800,0.8653,519.307692,392.410589,319.866134
800,0.8654,434.277722,317.221778,263.541459
800,0.8655,334.480519,256.106893,213.921079
800,0.8656,331.087912,250.482517,209.887113
800,0.8657,339.99001,252.527473,204.851149
800,0.8658,317.54046,246.247752,206.849151
800,0.8659,314.032967,238.798202,196.132867
800,0.866,293.236763,216.922078,175.692308
800,0.8661,255.949051,191.053946,158.535465
800,0.8662,229.887113,178.728272,145.891109
800,0.8663,242.82018,185.045954,153.235764
800,0.8664,230.087912,175.629371,143.968032
800,0.8665,221.759241,169.226773,140.341658
800,0.8666,186.363636,142.98002,119.925075
800,0.8667,181.143856,142.981019,117.95005
800,0.8668,146.518482,110.435564,91.000999
800,0.8669,139.157842,108.305694,90.751249
800,0.867,143.356643,112.325674,94.211788
800,0.8671,147.240759,115.361638,95.553447
800,0.8672,157.847153,119.599401,98.488511
800,0.8673,131.609391,99.064935,81.390609
800,0.8674,132.726274,101.187812,83.291708
800,0.8675,128.075924,96.877123,80.46953
800,0.8676,119.4995,92.03996,76.517483
800,0.8677,122.882118,93.718282,78.441558
800,0.8678,119.060939,93.122877,77.636364
800,0.8679,114.725275,89.775225,75.193806
800,0.868,127.206793,97.11988,79.653347
800,0.8681,127.817183,98.543457,81.271728
800,0.8682,120.791209,91.761239,76.492507
800,0.8683,136.125874,104.428571,85.519481
800,0.8684,126.180819,93.885115,77.252747
800,0.8685,114.116883,86.320679,72.132867
800,0.8686,124.959041,94.483516,78.002997
800,0.8687,129.607393,97.543457,81.013986
800,0.8688,127.090909,98.423576,82.57043
800,0.8689,128.595405,96.624376,79.605395
800,0.869,120.988012,93.856144,78.444555
800,0.8691,121.954046,93.336663,77.22977
800,0.8692,106.466533,83.303696,69.07992
800,0.8693,118.198801,91.591409,77.05994
800,0.8694,123.432567,93.921079,78.46953
800,0.8695,112.88012,86.303696,72.221778
800,0.8696,106.245754,80.973027,67.532468
800,0.8697,97.193806,76.541459,64.856144
800,0.8698,102.677323,79.515485,65.325674
800,0.8699,105.022977,77.444555,64.821179
800,0.87,94.532468,73.814186,62.236763
1024,0.85,2998.228771,2743.844156,2544.561439
1024,0.8501,3023.168831,2776.173826,2600.707293
1024,0.8502,3082.092907,2823.678322,2631.03996
1024,0.8503,3083.625375,2816.955045,2634.962038
1024,0.8504,3039.258741,2787.801199,2595.405594
1024,0.8505,3285.066933,3005.415584,2793.207792
1024,0.8506,3109.280719,2844.05994,2654.017982
1024,0.8507,3095.78022,2848.260739,2661.497502
1024,0.8508,3080.509491,2836.388611,2658.072927
1024,0.8509,3169.972028,2888.166833,2686.348651
1024,0.851,3242.285714,2952.252747,2732.851149
1024,0.8511,3135.505495,2863.038961,2662.923077
1024,0.8512,3298.344655,3011.097902,2800.333666
1024,0.8513,3252.912088,2977.361638,2783.951049
1024,0.8514,3140.338661,2884.655345,2697.292707
1024,0.8515,3116.517483,2863.605395,2668.414585
1024,0.8516,3155.107892,2898.797203,2706.575425
1024,0.8517,3224.296703,2930.814186,2716.417582
1024,0.8518,3106.687313,2853.983017,2660.908092
1024,0.8519,3275.558442,2983.909091,2758.250749
1024,0.852,3283.433566,2996.086913,2795.502498
1024,0.8521,3289.809191,3002.69031,2796.77023
1024,0.8522,3187.350649,2920.051948,2712.551449
1024,0.8523,3407.243756,3112.975025,2873.874126
1024,0.8524,3173.975025,2908.642358,2718.061938
1024,0.8525,3399.282717,3088.859141,2870.801199
1024,0.8526,3260.872128,2988.999001,2779.030969
1024,0.8527,3359.216783,3083.857143,2860.228771
1024,0.8528,3571.632368,3247.609391,2999.695305
1024,0.8529,3539.104895,3226.507493,3008.503497
1024,0.853,3528.23976,3230.884116,3007.708292
1024,0.8531,3476.141858,3160.947053,2936.142857
1024,0.8532,3405.001998,3114.224775,2896.54046
1024,0.8533,3447.751249,3159.04995,2934.65035
1024,0.8534,3353.47952,3084.371628,2871.300699
1024,0.8535,3625.472527,3313.82018,3085.058941
1024,0.8536,3863.390609,3521.868132,3288.767233
1024,0.8537,3855.699301,3505.507493,3241.831169
1024,0.8538,4016.131868,3648.762238,3384.205794
1024,0.8539,4256.669331,3854.062937,3569.71029
1024,0.854,4255.655345,3882.77023,3580.223776
1024,0.8541,4505.244755,4078.123876,3755.66034
1024,0.8542,4284.45954,3896.806194,3606.207792
1024,0.8543,4422.144855,4024.082917,3725.278721
1024,0.8544,4400.098901,3982.162837,3689.545455
1024,0.8545,4714.007992,4257.052947,3940.203796
1024,0.8546,4869.13986,4420.826174,4087.028971
1024,0.8547,5244.058941,4748.558442,4367.418581
1024,0.8548,5684.942058,5102.135864,4699.92008
1024,0.8549,5835.833167,5241.257742,4814.831169
1024,0.855,6368.045954,5696.713287,5209.933067
1024,0.8551,6222.095904,5570.938062,5088.527473
1024,0.8552,6156.412587,5523.531469,5083.57043
1024,0.8553,6355.130869,5674.726274,5199.659341
1024,0.8554,6367.77023,5711.406593,5219.295704
1024,0.8555,6835.791209,6066.086913,5487.425574
1024,0.8556,7162.020979,6395.911089,5851.703297
1024,0.8557,7926.248751,7013.955045,6381.164835
1024,0.8558,8844.752248,7810.423576,7070.130869
1024,0.8559,8763.36963,7686.230769,6958.077922
1024,0.856,8585.53047,7645.191808,6933.416583
1024,0.8561,8851.869131,7793.338661,7009.599401
1024,0.8562,9167.74026,8068.238761,7297.665335
1024,0.8563,9006.657343,7970.431568,7155.491508
1024,0.8564,9305.621379,8187.626374,7406.859141
1024,0.8565,10094.178821,8841.374625,7955.555445
1024,0.8566,10740.225774,9418.247752,8456.44955
1024,0.8567,10798.378621,9396.869131,8372.45954
1024,0.8568,11043.260739,9622.855145,8531.522478
1024,0.8569,11194.512488,9701.984016,8683.874126
1024,0.857,11392.018981,9801.811189,8784.992008
1024,0.8571,11979.618382,10474.362637,9366.153846
1024,0.8572,11511.346653,9926.396603,8786.747253
1024,0.8573,11809.708292,10202.05994,9105.942058
1024,0.8574,12251.911089,10673.823177,9452.923077
1024,0.8575,12197.504496,10581.53047,9412.952048
1024,0.8576,12421.853147,10864.504496,9622.866134
1024,0.8577,13788.2997,11766.837163,10303.394605
1024,0.8578,14257.845155,12165.361638,10684.478521
1024,0.8579,13559.869131,11663.794206,10328.933067
1024,0.858,13698.345654,11714.873127,10345.076923
1024,0.8581,13676.16983,11667.674326,10315.428571
1024,0.8582,14279.968032,12179.619381,10737.967033
1024,0.8583,14203.721279,12203.326673,10818.993007
1024,0.8584,14365.138861,12256.352647,10827.470529
1024,0.8585,13507.798202,11709.213786,10307.986014
1024,0.8586,13401.487512,11502.837163,10231.784216
1024,0.8587,14246.787213,12202.514486,10723.118881
1024,0.8588,15042.288711,12765.285714,11208.788212
1024,0.8589,16974.902098,14061.917083,12105.010989
1024,0.859,16888.75025,14107.954046,12308.248751
1024,0.8591,16307.791209,13815.146853,11980.112887
1024,0.8592,17023.913087,14354.241758,12362.451548
1024,0.8593,16484.174825,13931.69031,12248.812188
1024,0.8594,17300.665335,14670.695305,12884.854146
1024,0.8595,17817.152847,14926.962038,12870.494505
1024,0.8596,21571.308691,17453.54046,14744.378621
1024,0.8597,22447.571429,18254.107892,15372.509491
1024,0.8598,23895.325674,19116.684316,15851.682318
1024,0.8599,24881.996004,19780.468531,16269.248751
1024,0.86,24500.735265,19620.006993,16292.067932
1024,0.8601,25933.091908,20218.761239,16420.55045
1024,0.8602,27868.204795,21314.608392,17189.816184
1024,0.8603,29399.140859,22437.533467,17904.865135
1024,0.8604,31737.427572,22885.150849,17444.066933
1024,0.8605,29777.367632,19798.569431,14292.74026
1024,0.8606,26715.927073,16757.03996,12191.998002
1024,0.8607,17353.536464,10488.78022,7456.818182
1024,0.8608,19690.318681,12219.635365,8737.777223
1024,0.8609,18983.074925,12079.695305,8569.866134
1024,0.861,16693.255744,10117.130869,7110.517483
1024,0.8611,11289.035964,6791.958042,4900.997003
1024,0.8612,7645.54046,4822.1998,3677.931069
1024,0.8613,5683.146853,3802.088911,2958.306693
1024,0.8614,3873.824176,2749.848152,2160.686314
1024,0.8615,3897.751249,2721.037962,2110.627373
1024,0.8616,3523.83017,2371.96004,1847.582418
1024,0.8617,3638.509491,2474.828172,1959.454545
1024,0.8618,2800.32967,1971.987013,1547.705295
1024,0.8619,2937.433566,2072.977023,1636.257742
1024,0.862,2151.384615,1544.335664,1224.435564
1024,0.8621,2036.4995,1494.555445,1187.110889
1024,0.8622,1569.24975,1176.247752,958.358641
1024,0.8623,1600.784216,1195.815185,968.609391
1024,0.8624,1681.516484,1212.55045,976.390609
1024,0.8625,1535.751249,1122.248751,920.957043
1024,0.8626,1159.141858,855.226773,702.052947
1024,0.8627,1150.041958,835.943057,674.888112
1024,0.8628,1095.173826,807.354645,671.769231
1024,0.8629,1037.34965,767.645355,631.655345
1024,0.863,1071.735265,789.719281,644.312687
1024,0.8631,1093.637363,836.081918,686.310689
1024,0.8632,1039.03996,760.214785,621.911089
1024,0.8633,1060.22977,782.868132,633.262737
1024,0.8634,1011.373626,761.348651,635.152847
1024,0.8635,979.252747,733.742258,596.265734
1024,0.8636,978.052947,734.905095,596.637363
1024,0.8637,981.054945,737.7003,603.412587
1024,0.8638,1024.817183,758.386613,617.983017
1024,0.8639,988.47952,739.978022,610.693307
1024,0.864,922.233766,682.142857,571.070929
1024,0.8641,840.736264,645.77023,539.187812
1024,0.8642,943.835165,706.992008,565.696304
1024,0.8643,905.848152,669.531469,546.163836
1024,0.8644,882.816184,656.451548,531.574426
1024,0.8645,884.651349,659.455544,550.281718
1024,0.8646,795.295704,622.965035,512.759241
1024,0.8647,802.392607,609.56044,499.505495
1024,0.8648,702.115884,537.00999,444.044955
1024,0.8649,784.02997,574.992008,467.04995
1024,0.865,757.402597,556.735265,456.287712
1024,0.8651,704.20979,531.728272,439.818182
1024,0.8652,667.342657,499.95005,415.263736
1024,0.8653,575.503497,455.535465,375.400599
1024,0.8654,523.933067,405.133866,337.928072
1024,0.8655,451.721279,345.088911,291.387612
1024,0.8656,442.919081,343.563437,286.475524
1024,0.8657,412.626374,318.865135,264.523477
1024,0.8658,441.829171,339.912088,280.237762
1024,0.8659,385.722278,304.07992,256.818182
1024,0.866,397.697303,308.706294,261.722278
1024,0.8661,314.418581,240.498501,201.8002
1024,0.8662,331.822178,255.867133,212.016983
1024,0.8663,279.214785,219.274725,185.583417
1024,0.8664,303.125874,238.651349,198.831169
1024,0.8665,292.88012,223.456543,185.07992
1024,0.8666,261.164835,205.63037,172.819181
1024,0.8667,221.146853,175.943057,148.052947
1024,0.8668,174.66034,137.322677,116.558442
1024,0.8669,179.632368,140.258741,116.863137
1024,0.867,179.868132,140.706294,118.781219
1024,0.8671,187.244755,143.213786,120.701299
1024,0.8672,185.701299,147.006993,121.404595
1024,0.8673,167.052947,131.171828,110.416583
1024,0.8674,165.335664,127.357642,106.873127
1024,0.8675,154.749251,120.340659,100.923077
1024,0.8676,151.052947,115.664336,96.522478
1024,0.8677,165.306693,129.371628,109.003996
1024,0.8678,156.514486,123.772228,104.331668
1024,0.8679,153.153846,122.695305,104.6004
1024,0.868,161.022977,125.061938,105.604396
1024,0.8681,162.623377,125.096903,104.345654
1024,0.8682,155.122877,119.547453,100.587413
1024,0.8683,154.212787,120.116883,100.371628
1024,0.8684,160.361638,121.304695,104.451548
1024,0.8685,150.148851,115.929071,97.83017
1024,0.8686,139.244755,111.193806,94.671329
1024,0.8687,166.074925,129.923077,110.025974
1024,0.8688,166.805195,133.005994,113.284715
1024,0.8689,159.811189,126.244755,107.437562
1024,0.869,151.62038,119.250749,101.260739
1024,0.8691,151.442557,118.801199,99.577423
1024,0.8692,143.561439,111.811189,94.676324
1024,0.8693,155.368631,121.668332,102.553447
1024,0.8694,142.915085,113.524476,96.215784
1024,0.8695,146.41958,117.345654,99.192807
1024,0.8696,135.668332,107.014985,90.569431
1024,0.8697,126.25974,97.260739,82.102897
1024,0.8698,127.649351,101.693307,86.574426
1024,0.8699,125.127872,99.946054,85.26973
1024,0.87,118.96004,94.655345,79.668332
